{"num_topics": 7, "avg_topic_diversity": 10.0, "total_unique_words": 67, "topic_size_std": 858.7025809027126, "topic_size_cv": 1.8237008696356154, "doc_coverage": 0.7162103433289874, "avg_topic_size": 470.85714285714283, "topic_sizes": [2532, 538, 78, 70, 32, 24, 22], "topic_diversities": [10, 10, 10, 10, 10, 10, 10]}